<?xml version="1.0"?>
<research>

<project id="MAGICSTORAGE">
<name>Magical Storage</name>
<popupText>Enchanting your containers</popupText>
<longText></longText>
<page type="text">Enchanting a backpack with magic and materials of magical nature will increase its storage capacity.
The result, a Thaumaturge's backpack, is closely linked to the aura. Using the gained extra storage will create flux, and too much of it might have negative effects on the backpack and wearer.</page>
<page type="infusioncrafting">BACKPACK</page>
</project>  

</research>
